dataset_size,method,build_time_sec,index_size_mb,average_latency_ms,median_latency_ms,std_latency_ms,p95_latency_ms,queries_per_second,recall_at_k,speedup_vs_exact,top_k,num_queries,repeats,nlist,nprobe,hnsw_m,ef_construction,ef_search
1000,Exact,0.00029549999999289867,1.4648866653442383,0.033560900000000005,0.0331,0.0020467245027115887,0.035405,29796.578756827137,1.0,1.0,5,100,10,,,,,
1000,FAISS IVF,0.00371629999972356,1.5094175338745117,0.0192178,0.0191,0.0024710206717063294,0.0219,52035.09246635931,0.968,1.7463445347542386,5,100,10,25,10,,,
1000,FAISS HNSW,0.04077659999984462,1.6022586822509766,0.02143,0.0213,0.003106399845480295,0.026704999999999996,46663.55576294914,1.0,1.5660709286047598,5,100,10,,,16,100,50
2000,Exact,0.0005615000000034343,2.9297304153442383,0.0619842,0.0612,0.0031281608590352254,0.06581,16133.143607564507,1.0,1.0,5,100,10,,,,,
2000,FAISS IVF,0.006158900000627909,3.018702507019043,0.0202983,0.0199,0.00288952022142085,0.023204999999999993,49265.20940177257,0.946,3.0536645926013515,5,100,10,50,10,,,
2000,FAISS HNSW,0.0991383999999016,3.2043399810791016,0.024856100000000002,0.0244,0.004676071298643766,0.0319,40231.57293380699,1.0,2.4937218630436795,5,100,10,,,16,100,50
5000,Exact,0.0063664999997854466,7.324261665344238,0.1426249,0.143,0.006862240886911505,0.151205,7011.398430428348,1.0,1.0,5,100,10,,,,,
5000,FAISS IVF,0.018963499999699707,7.5097455978393555,0.024802900000000003,0.0244,0.004378778550006839,0.032505,40317.86605598538,0.94,5.75033161444831,5,100,10,100,10,,,
5000,FAISS HNSW,0.27880590000040684,8.010461807250977,0.0256934,0.026,0.0050002356384474525,0.03431999999999998,38920.500984688675,1.0,5.551032560891123,5,100,10,,,16,100,50
